"state","year","fips","vmt","fatalityrate","sb_usage","speed65","speed70","drinkage21","ba08","income","age","primary","secondary"
"AK",1983,2,3358,0.0446694456040859,NA,0,0,1,0,17973,28.2349662780762,0,0
"AK",1984,2,3589,0.0373363047838211,NA,0,0,1,0,18093,28.343542098999,0,0
"AK",1985,2,3840,0.0330729149281979,NA,0,0,1,0,18925,28.3728160858154,0,0
"AK",1986,2,4008,0.0251996014267206,NA,0,0,1,0,18466,28.3966522216797,0,0
"AK",1987,2,3900,0.0194871798157692,NA,0,0,1,0,18021,28.4532508850098,0,0
"AK",1988,2,3841,0.0252538397908211,NA,0,0,1,0,18447,28.8514194488525,0,0
"AK",1989,2,3887,0.0216104965656996,NA,0,0,1,0,19970,29.1489543914795,0,0
"AK",1990,2,3979,0.0246293041855097,0.449999988079071,0,0,1,0,21073,29.5862846374512,0,0
"AK",1991,2,4021,0.0251181293278933,0.660000026226044,0,0,1,0,21496,29.8277111053467,0,1
"AK",1992,2,3841,0.0281176771968603,0.660000026226044,1,0,1,0,22073,30.2106971740723,0,1
"AK",1993,2,3918,0.0301174074411392,0.689999997615814,1,0,1,0,22711,30.4643859863281,0,1
"AK",1994,2,4150,0.0204819273203611,0.689999997615814,1,0,1,0,23417,30.75657081604,0,1
"AK",1995,2,4123,0.021101139485836,0.689999997615814,1,0,1,0,23971,31.178596496582,0,1
"AK",1996,2,4115,0.0196840818971395,0.689999997615814,1,0,1,0,24310,31.4453544616699,0,1
"AK",1997,2,4387,0.0175518579781055,0.689999997615814,1,0,1,0,24969,31.6014747619629,0,1
"AL",1983,1,31032,0.0299690645188093,NA,0,0,0,0,9505,34.2006454467773,0,0
"AL",1984,1,32961,0.0282758418470621,0.129999995231628,0,0,0,0,10417,34.421630859375,0,0
"AL",1985,1,35091,0.0251346491277218,0.170000001788139,0,0,1,0,11133,34.6025695800781,0,0
"AL",1986,1,34003,0.0317913107573986,0.28999999165535,0,0,1,0,11736,34.7606735229492,0,0
"AL",1987,1,37426,0.0296852458268404,0.209999993443489,1,0,1,0,12394,34.9556579589844,0,0
"AL",1988,1,39684,0.0258038509637117,0.28999999165535,1,0,1,0,13288,35.1369552612305,0,0
"AL",1989,1,40765,0.025242242962122,0.379999995231628,1,0,1,0,14266,35.3278579711914,0,0
"AL",1990,1,42347,0.0264717694371939,0.439999997615814,1,0,1,0,15213,35.6229248046875,0,0
"AL",1991,1,42924,0.025999441742897,0.469999998807907,1,0,1,0,15895,35.6887359619141,0,0
"AL",1992,1,45762,0.0225296095013618,0.579999983310699,1,0,1,0,16817,35.8326187133789,0,1
"AL",1993,1,47337,0.0220546294003725,0.550000011920929,1,0,1,0,17398,35.9482536315918,0,1
"AL",1994,1,48956,0.0221219062805176,0.550000011920929,1,0,1,0,18163,36.0920104980469,0,1
"AL",1995,1,50628,0.0220036339014769,0.519999980926514,1,1,1,1,19041,36.2057456970215,0,1
"AL",1996,1,51433,0.022281413897872,0.540000021457672,1,1,1,1,19838,36.3851318359375,0,1
"AL",1997,1,53458,0.022297877818346,0.519999980926514,1,1,1,1,20672,36.5007209777832,0,1
"AR",1983,5,16684,0.0333852805197239,NA,0,0,1,0,9267,35.4221382141113,0,0
"AR",1984,5,16621,0.0315865464508533,NA,0,0,1,0,10263,35.56396484375,0,0
"AR",1985,5,17112,0.0312061719596386,NA,0,0,1,0,10919,35.6919136047363,0,0
"AR",1986,5,17555,0.03434918820858,0.197999998927116,0,0,1,0,11409,35.8672676086426,0,0
"AR",1987,5,18306,0.0349065884947777,NA,1,0,1,0,11842,36.0081329345703,0,0
"AR",1988,5,19219,0.0317394249141216,0.300999999046326,1,0,1,0,12637,36.1438674926758,0,0
"AR",1989,5,20414,0.0316939353942871,NA,1,0,1,0,13353,36.2920837402344,0,0
"AR",1990,5,21011,0.028746847063303,0.340000003576279,1,0,1,0,14025,36.4256820678711,0,0
"AR",1991,5,21934,0.027719521895051,0.519999980926514,1,0,1,0,14766,36.4663162231445,0,1
"AR",1992,5,23081,0.025475500151515,0.550000011920929,1,0,1,0,15807,36.5056991577148,0,1
"AR",1993,5,23995,0.0242967288941145,0.550000011920929,1,0,1,0,16380,36.5925750732422,0,1
"AR",1994,5,24948,0.0244107749313116,0.509999990463257,1,0,1,0,17090,36.6223907470703,0,1
"AR",1995,5,26653,0.0236746333539486,0.509999990463257,1,0,1,0,17934,36.628490447998,0,1
"AR",1996,5,27840,0.0220905169844627,0.479999989271164,1,0,1,0,18808,36.6652374267578,0,1
"AR",1997,5,28144,0.0234508235007524,0.479999989271164,1,0,1,0,19595,36.8175773620605,0,1
"AZ",1983,4,19611,0.0344194583594799,NA,0,0,0,0,11277,34.1142196655273,0,0
"AZ",1984,4,20613,0.0421578623354435,NA,0,0,1,0,12375,34.2470703125,0,0
"AZ",1985,4,21580,0.0413809083402157,NA,0,0,1,0,13280,34.3313598632812,0,0
"AZ",1986,4,22665,0.0444297380745411,NA,0,0,1,0,13980,34.475341796875,0,0
"AZ",1987,4,31729,0.0295943766832352,NA,1,0,1,0,14631,34.543025970459,0,0
"AZ",1988,4,34247,0.0275644585490227,NA,1,0,1,0,15246,34.6561317443848,0,0
"AZ",1989,4,34816,0.0252470131963491,NA,1,0,1,0,15919,34.7041091918945,0,0
"AZ",1990,4,35456,0.0245092511177063,0.550000011920929,1,0,1,0,16608,34.8856239318848,0,0
"AZ",1991,4,34929,0.0233616773039103,0.649999976158142,1,0,1,0,16971,35.0049057006836,0,1
"AZ",1992,4,35047,0.0230832882225513,0.730000019073486,1,0,1,0,17583,35.1924667358398,0,1
"AZ",1993,4,39150,0.0204597692936659,0.730000019073486,1,0,1,0,18270,35.283260345459,0,1
"AZ",1994,4,38774,0.0233145914971828,0.600000023841858,1,0,1,0,19127,35.4959335327148,0,1
"AZ",1995,4,39653,0.026101429015398,0.600000023841858,1,1,1,0,20078,35.4948616027832,0,1
"AZ",1996,4,42123,0.0235975589603186,0.560000002384186,1,1,1,0,21071,35.552433013916,0,1
"AZ",1997,4,43491,0.0218665935099125,0.629999995231628,1,1,1,0,21998,35.7004356384277,0,1
"CA",1983,6,182652,0.0250366814434528,NA,0,0,1,0,14258,33.7374572753906,0,0
"CA",1984,6,196537,0.025542264804244,NA,0,0,1,0,15593,33.7844276428223,0,0
"CA",1985,6,207600,0.0238921009004116,0.257999986410141,0,0,1,0,16523,33.8018264770508,0,0
"CA",1986,6,214913,0.0244424492120743,0.45430001616478,0,0,1,0,17255,33.8111419677734,0,1
"CA",1987,6,226301,0.0243215896189213,0.480999976396561,1,0,1,0,18175,33.8221626281738,0,1
"CA",1988,6,241575,0.0223201904445887,0.508499979972839,1,0,1,0,19263,33.8038063049316,0,1
"CA",1989,6,251482,0.0215204264968634,0.532999992370605,1,0,1,0,20226,33.7592086791992,0,1
"CA",1990,6,258926,0.0200520604848862,0.570999979972839,1,0,1,1,21363,33.8367233276367,0,1
"CA",1991,6,257976,0.0181722324341536,0.593499958515167,1,0,1,1,21491,33.7984924316406,0,1
"CA",1992,6,262548,0.0159666035324335,0.666000008583069,1,0,1,1,22191,33.8995819091797,0,1
"CA",1993,6,266408,0.0156301613897085,0.813000023365021,1,0,1,1,22430,33.9820594787598,0,1
"CA",1994,6,271943,0.0155620845034719,0.826999962329865,1,0,1,1,22953,34.0540046691895,0,1
"CA",1995,6,276371,0.0151680167764425,0.816999971866608,1,1,1,1,23983,34.1773719787598,0,1
"CA",1996,6,278043,0.0143467020243406,0.845000028610229,1,1,1,1,25142,34.2943305969238,0,1
"CA",1997,6,285612,0.0129126226529479,0.851999998092651,1,1,1,1,26314,34.4820899963379,0,1
"CO",1983,8,24109,0.0267949737608433,NA,0,0,0,0,13460,32.6092262268066,0,0
"CO",1984,8,24588,0.0247275084257126,NA,0,0,0,0,14597,32.7904396057129,0,0
"CO",1985,8,26146,0.022144878283143,NA,0,0,0,0,15224,32.9454574584961,0,0
"CO",1986,8,26382,0.022856492549181,NA,0,0,0,0,15571,33.115364074707,0,0
"CO",1987,8,26968,0.0219148620963097,NA,1,0,1,0,16147,33.2912368774414,0,1
"CO",1988,8,27665,0.0179649367928505,NA,1,0,1,0,16985,33.5219192504883,0,1
"CO",1989,8,27577,0.0191101282835007,NA,1,0,1,0,18110,33.7736434936523,0,1
"CO",1990,8,27178,0.0200161896646023,0.5,1,0,1,0,19290,34.0188293457031,0,1
"CO",1991,8,27744,0.0195717997848988,0.509999990463257,1,0,1,0,20099,34.1767730712891,0,1
"CO",1992,8,28927,0.0180454254150391,0.5,1,0,1,0,21005,34.3463516235352,0,1
"CO",1993,8,32718,0.0170853957533836,0.529999971389771,1,0,1,0,22117,34.5524101257324,0,1
"CO",1994,8,33705,0.0173861440271139,0.540000021457672,1,0,1,0,23019,34.7841567993164,0,1
"CO",1995,8,35058,0.0183980837464333,0.560000002384186,1,0,1,0,24304,34.9894180297852,0,1
"CO",1996,8,36141,0.0170720238238573,0.560000002384186,1,0,1,0,25627,35.1913871765137,0,1
"CO",1997,8,37746,0.0162401311099529,0.589999973773956,1,0,1,0,27015,35.3195877075195,0,1
"CT",1983,9,20630,0.0212312173098326,NA,0,0,0,0,15620,36.034252166748,0,0
"CT",1984,9,21076,0.0222527999430895,NA,0,0,0,0,17360,36.1912384033203,0,0
"CT",1985,9,22152,0.0202239081263542,NA,0,0,1,0,18531,36.3009796142578,0,0
"CT",1986,9,24053,0.0189165584743023,NA,0,0,1,0,19815,36.3553848266602,1,0
"CT",1987,9,26775,0.0167693737894297,NA,0,0,1,0,21588,36.4513473510742,1,0
"CT",1988,9,26062,0.0185710992664099,NA,0,0,1,0,23699,36.5017051696777,1,0
"CT",1989,9,26183,0.0155062442645431,NA,0,0,1,0,25407,36.5743789672852,1,0
"CT",1990,9,26303,0.0146371135488153,0.589999973773956,0,0,1,0,26453,36.7700958251953,1,0
"CT",1991,9,26628,0.0116418804973364,0.610000014305115,1,0,1,0,26721,36.8206405639648,1,0
"CT",1992,9,26459,0.0111871194094419,0.709999978542328,0,0,1,0,28345,36.9771003723145,1,0
"CT",1993,9,27001,0.0126661974936724,0.709999978542328,0,0,1,0,29232,37.0656204223633,1,0
"CT",1994,9,27138,0.0114230969920754,0.720000028610229,0,0,1,0,30310,37.1605911254883,1,0
"CT",1995,9,28045,0.0113032627850771,0.720000028610229,0,0,1,0,32073,37.279956817627,1,0
"CT",1996,9,28135,0.0110183041542768,0.620000004768372,0,0,1,0,33979,37.4275665283203,1,0
"CT",1997,9,28552,0.0118730738759041,0.639999985694885,0,0,1,0,35863,37.5472793579102,1,0
"DC",1983,11,3099,0.0212971922010183,NA,0,0,0,0,15267,35.7238540649414,0,0
"DC",1984,11,3214,0.0199128817766905,NA,0,0,0,0,16620,35.8357276916504,0,0
"DC",1985,11,3223,0.0186161957681179,NA,0,0,0,0,17531,35.8874282836914,0,0
"DC",1986,11,3287,0.0133860660716891,NA,0,0,1,0,18335,35.8914070129395,0,1
"DC",1987,11,3368,0.0157363414764404,NA,1,0,1,0,19566,35.9766387939453,0,1
"DC",1988,11,3405,0.0179148316383362,NA,1,0,1,0,21782,36.0415382385254,0,1
"DC",1989,11,3414,0.0210896302014589,NA,1,0,1,0,23438,36.1164970397949,0,1
"DC",1990,11,3407,0.0140886409208179,0.490000009536743,1,0,1,0,25646,36.9136543273926,0,1
"DC",1991,11,3430,0.0183673463761806,0.490000009536743,1,0,1,0,27028,36.8610496520996,0,1
"DC",1992,11,3562,0.0140370577573776,0.589999973773956,1,0,1,0,28597,37.0413513183594,0,1
"DC",1993,11,3485,0.0163558106869459,0.620000004768372,1,0,1,0,29912,37.2308578491211,0,1
"DC",1994,11,3448,0.0200116001069546,0.620000004768372,1,0,1,0,31212,37.4215431213379,0,1
"DC",1995,11,3465,0.0167388170957565,0.629999995231628,1,0,1,0,32398,37.650447845459,0,1
"DC",1996,11,3316,0.0186972264200449,0.579999983310699,1,0,1,0,34213,38.0677490234375,0,1
"DC",1997,11,3326,0.0180396866053343,0.660000026226044,1,0,1,0,35704,38.3756713867188,0,1
"DE",1983,10,4886,0.0225133039057255,NA,0,0,1,0,13159,34.2215461730957,0,0
"DE",1984,10,5138,0.0253016743808985,NA,0,0,1,0,14291,34.4224662780762,0,0
"DE",1985,10,5365,0.0193849019706249,NA,0,0,1,0,15451,34.5659408569336,0,0
"DE",1986,10,5762,0.0236029159277678,NA,0,0,1,0,16257,34.7090301513672,0,0
"DE",1987,10,6086,0.0239894837141037,NA,1,0,1,0,17423,34.9120903015137,0,0
"DE",1988,10,6404,0.0249843839555979,NA,1,0,1,0,18878,35.0613479614258,0,0
"DE",1989,10,6446,0.0179956555366516,NA,1,0,1,0,20563,35.174129486084,0,0
"DE",1990,10,6548,0.0210751369595528,0.449999988079071,1,0,1,0,21590,35.4238891601562,0,0
"DE",1991,10,6721,0.0151763129979372,0.540000021457672,1,0,1,0,22241,35.4912490844727,0,0
"DE",1992,10,6892,0.0203134063631296,0.699999988079071,1,0,1,0,23004,35.6515617370605,0,1
"DE",1993,10,6895,0.0159535892307758,0.629999995231628,1,0,1,0,23542,35.8443756103516,0,1
"DE",1994,10,7025,0.0159430596977472,0.589999973773956,1,0,1,0,24465,35.9684982299805,0,1
"DE",1995,10,7515,0.0161011312156916,0.629999995231628,1,0,1,0,25603,36.2402687072754,0,1
"DE",1996,10,7666,0.0151317501440644,0.620000004768372,1,0,1,0,27125,36.4600944519043,0,1
"DE",1997,10,8007,0.017859373241663,0.589999973773956,1,0,1,0,28493,36.5989189147949,0,1
"FL",1983,12,81776,0.0328458212316036,NA,0,0,0,0,12469,38.5154190063477,0,0
"FL",1984,12,85475,0.0329219065606594,NA,0,0,0,0,13476,38.6366119384766,0,0
"FL",1985,12,88056,0.0321613512933254,0.22299998998642,0,0,1,0,14367,38.7098579406738,0,0
"FL",1986,12,87273,0.0324384421110153,0.344500005245209,0,0,1,0,15102,38.7351837158203,0,0
"FL",1987,12,93819,0.0302603952586651,0.551500022411346,1,0,1,0,16001,38.8027610778809,0,1
"FL",1988,12,105319,0.0292254965752363,0.470999985933304,1,0,1,0,17092,38.8233985900879,0,1
"FL",1989,12,108877,0.0274070743471384,0.550000011920929,1,0,1,0,18405,38.8744239807129,0,1
"FL",1990,12,109997,0.0262825358659029,0.529999971389771,1,0,1,0,19127,38.6966133117676,0,1
"FL",1991,12,113483,0.0217036921530962,0.529500007629395,1,0,1,0,19451,38.7663116455078,0,1
"FL",1992,12,114311,0.0212315525859594,0.557999968528748,1,0,1,0,19910,38.8350448608398,0,1
"FL",1993,12,120467,0.0218815114349127,0.61599999666214,1,0,1,0,21080,38.8647804260254,0,1
"FL",1994,12,121989,0.0220265761017799,0.601999998092651,1,0,1,1,21761,38.9269676208496,0,1
"FL",1995,12,127801,0.0219481848180294,0.589999973773956,1,1,1,1,22676,38.9981727600098,0,1
"FL",1996,12,130004,0.0211762711405754,0.627000033855438,1,1,1,1,23834,39.1027679443359,0,1
"FL",1997,12,134007,0.0207824967801571,0.600000023841858,1,1,1,1,24799,39.1695823669434,0,1
"GA",1983,13,48837,0.0265372563153505,NA,0,0,0,0,10742,32.9332847595215,0,0
"GA",1984,13,50486,0.0279285348951817,NA,0,0,0,0,12028,33.103385925293,0,0
"GA",1985,13,53713,0.0253383722156286,NA,0,0,0,0,12928,33.2022361755371,0,0
"GA",1986,13,56833,0.0269209798425436,NA,0,0,1,0,13768,33.3027687072754,0,0
"GA",1987,13,60293,0.0265204925090075,0.197999998927116,0,0,1,0,14562,33.4336624145508,0,0
"GA",1988,13,62262,0.0265651606023312,0.277999997138977,1,0,1,0,15591,33.5074729919434,0,1
"GA",1989,13,75705,0.0215573608875275,0.387999981641769,1,0,1,0,16466,33.585865020752,0,1
"GA",1990,13,72746,0.0214719716459513,0.416999995708466,1,0,1,0,17385,33.8595314025879,0,1
"GA",1991,13,73005,0.019026093184948,0.455999970436096,1,0,1,0,17930,33.9618911743164,0,1
"GA",1992,13,77904,0.0168797485530376,0.460999995470047,1,0,1,0,18888,34.0948753356934,0,1
"GA",1993,13,78426,0.0177747178822756,0.572000026702881,1,0,1,0,19668,34.179443359375,0,1
"GA",1994,13,82822,0.017205573618412,0.529000043869019,1,0,1,0,20632,34.3039474487305,0,1
"GA",1995,13,85384,0.0174271520227194,0.507000029087067,1,1,1,0,21696,34.4150772094727,0,1
"GA",1996,13,89132,0.0176479835063219,0.611000001430511,1,1,1,0,22900,34.5256843566895,0,1
"GA",1997,13,93317,0.016899386420846,0.680000007152557,1,1,1,1,23882,34.6350784301758,0,1
"HI",1983,15,5873,0.0240081734955311,NA,0,0,0,0,13028,32.7169303894043,0,0
"HI",1984,15,6505,0.0212144497781992,NA,0,0,0,0,13740,32.9384651184082,0,0
"HI",1985,15,6762,0.0186335407197475,0.330000013113022,0,0,0,0,14494,33.1608581542969,0,0
"HI",1986,15,6971,0.017214173451066,0.726000010967255,0,0,1,0,15325,33.4808578491211,1,0
"HI",1987,15,7218,0.0192574113607407,0.66100001335144,0,0,1,0,16262,33.8161849975586,1,0
"HI",1988,15,7419,0.0199487805366516,0.665000021457672,0,0,1,0,17815,34.1053123474121,1,0
"HI",1989,15,7750,0.0192258059978485,0.78300005197525,0,0,1,0,19395,34.3718566894531,1,0
"HI",1990,15,8066,0.0219439622014761,0.805000007152557,0,0,1,0,21529,34.8789749145508,1,0
"HI",1991,15,8143,0.0165786556899548,0.853000044822693,0,0,1,0,22171,34.9796752929688,1,0
"HI",1992,15,8066,0.0159930568188429,0.830999970436096,0,0,1,0,22906,35.177173614502,1,0
"HI",1993,15,8074,0.016596483066678,0.84199994802475,0,0,1,0,23638,35.34814453125,1,0
"HI",1994,15,7935,0.0153749212622643,0.824999988079071,0,0,1,0,24090,35.5265808105469,1,0
"HI",1995,15,7945,0.0163624919950962,0.799000024795532,0,0,1,0,24848,35.7653923034668,1,0
"HI",1996,15,8030,0.0184308849275112,0.800000011920929,0,0,1,0,25086,36.0712394714355,1,0
"HI",1997,15,7947,0.0164842084050179,0.800000011920929,0,0,1,1,25598,36.3965072631836,1,0
"IA",1983,19,19661,0.0261431261897087,NA,0,0,0,0,11218,35.4137687683105,0,0
"IA",1984,19,20497,0.0204908028244972,NA,0,0,0,0,12460,35.6049995422363,0,0
"IA",1985,19,20191,0.0234758052974939,0.180000007152557,0,0,0,0,13042,35.8148460388184,0,0
"IA",1986,19,20413,0.0216038804501295,0.430000007152557,0,0,1,0,13688,36.0849342346191,1,0
"IA",1987,19,20808,0.0235966928303242,0.560000002384186,1,0,1,0,14511,36.3715324401855,1,0
"IA",1988,19,21907,0.0254256632179022,0.550000011920929,1,0,1,0,14882,36.5685653686523,1,0
"IA",1989,19,22571,0.0227725841104984,0.589999973773956,1,0,1,0,16058,36.6688194274902,1,0
"IA",1990,19,22993,0.0202235467731953,0.610000014305115,1,0,1,0,16885,36.6696014404297,1,0
"IA",1991,19,23020,0.021198958158493,0.680000007152557,1,0,1,0,17304,36.6919631958008,1,0
"IA",1992,19,23926,0.0182646494358778,0.709999978542328,1,0,1,0,18368,36.8526496887207,1,0
"IA",1993,19,25118,0.0182737484574318,0.730000019073486,1,0,1,0,18461,36.9394454956055,1,0
"IA",1994,19,25737,0.0185724832117558,0.730000019073486,1,0,1,0,19964,37.0533256530762,1,0
"IA",1995,19,25987,0.0202793702483177,0.759999990463257,1,0,1,0,20412,37.2043228149414,1,0
"IA",1996,19,26880,0.0172991063445807,0.75,1,0,1,0,22032,37.2995758056641,1,0
"IA",1997,19,27984,0.0167238414287567,0.75,1,0,1,0,23120,37.3758659362793,1,0
"ID",1983,16,8287,0.0317364558577538,NA,0,0,0,0,10122,32.1727142333984,0,0
"ID",1984,16,7768,0.0311534497886896,NA,0,0,0,0,10780,32.3633193969727,0,0
"ID",1985,16,7710,0.033073928207159,0.234999999403954,0,0,0,0,11331,32.6007766723633,0,0
"ID",1986,16,7781,0.03315769135952,0.270000010728836,0,0,0,0,11663,32.862232208252,0,1
"ID",1987,16,8119,0.0320236496627331,0.319999992847443,1,0,1,0,12265,33.1909637451172,0,1
"ID",1988,16,8127,0.0316229835152626,0.340000003576279,1,0,1,0,13108,33.4885635375977,0,1
"ID",1989,16,8422,0.0282593201845884,0.330000013113022,1,0,1,0,14283,33.7009353637695,0,1
"ID",1990,16,9849,0.0247740894556046,0.349999994039536,1,0,1,0,15346,33.7630462646484,0,1
"ID",1991,16,10318,0.0255863536149263,0.46000000834465,1,0,1,0,15664,33.9172782897949,0,1
"ID",1992,16,10764,0.0225752517580986,0.529999971389771,1,0,1,0,16607,33.9941329956055,0,1
"ID",1993,16,11481,0.020033098757267,0.589999973773956,1,0,1,0,17699,34.0411148071289,0,1
"ID",1994,16,11652,0.0214555449783802,0.540000021457672,1,0,1,0,18186,34.0649604797363,0,1
"ID",1995,16,12296,0.0213077422231436,0.5,1,1,1,0,18961,34.2065353393555,0,1
"ID",1996,16,12961,0.0199058707803488,0.5,1,1,1,0,19741,34.3540840148926,0,1
"ID",1997,16,12880,0.0201086960732937,0.490000009536743,1,1,1,1,20392,34.5040626525879,0,1
"IL",1983,17,67370,0.0226510316133499,NA,0,0,1,0,13180,34.360767364502,0,0
"IL",1984,17,69910,0.022128451615572,NA,0,0,1,0,14547,34.4693031311035,0,0
"IL",1985,17,70844,0.0216532107442617,0.158999994397163,0,0,1,0,15322,34.6009178161621,0,0
"IL",1986,17,74144,0.0215256791561842,0.362000018358231,0,0,1,0,16106,34.7123565673828,0,1
"IL",1987,17,75756,0.0218332540243864,0.372999995946884,1,0,1,0,17066,34.8764572143555,0,1
"IL",1988,17,78483,0.0234063435345888,0.395000010728836,1,0,1,0,18212,35.0331192016602,0,1
"IL",1989,17,81297,0.0215014088898897,0.400000005960464,1,0,1,0,19427,35.1508026123047,0,1
"IL",1990,17,83334,0.0190678481012583,0.470999985933304,1,0,1,0,20494,35.4204139709473,0,1
"IL",1991,17,85430,0.0169495493173599,0.504000008106232,1,0,1,0,20966,35.4195442199707,0,1
"IL",1992,17,87642,0.0157915148884058,0.639999985694885,1,0,1,0,22209,35.515552520752,0,1
"IL",1993,17,89693,0.0155196059495211,0.670000016689301,1,0,1,0,22895,35.5936088562012,0,1
"IL",1994,17,92316,0.016833484172821,0.683000028133392,1,0,1,0,23956,35.6267280578613,0,1
"IL",1995,17,94189,0.0168384835124016,0.686999976634979,1,0,1,0,25135,35.6713218688965,0,1
"IL",1996,17,96730,0.0152693064883351,0.639999985694885,1,0,1,0,26393,35.7241096496582,0,1
"IL",1997,17,99319,0.0140657881274819,0.641999959945679,1,0,1,1,27688,35.7832221984863,0,1
"IN",1983,18,39837,0.0255039278417826,NA,0,0,1,0,11001,34.0799827575684,0,0
"IN",1984,18,41074,0.0225203298032284,NA,0,0,1,0,12199,34.2933158874512,0,0
"IN",1985,18,40782,0.0238830856978893,NA,0,0,1,0,12844,34.4917640686035,0,0
"IN",1986,18,40780,0.0254536531865597,0.196000009775162,0,0,1,0,13513,34.6955490112305,0,0
"IN",1987,18,44122,0.0239109732210636,0.367000013589859,1,0,1,0,14324,34.8960151672363,0,1
"IN",1988,18,51124,0.0214967522770166,0.440999984741211,1,0,1,0,15231,35.0628700256348,0,1
"IN",1989,18,56192,0.0172800403088331,0.460999995470047,1,0,1,0,16296,35.1572685241699,0,1
"IN",1990,18,53697,0.0195355415344238,0.47299998998642,1,0,1,0,17167,35.4417037963867,0,1
"IN",1991,18,54266,0.0188331548124552,0.519999980926514,1,0,1,0,17624,35.4977035522461,0,1
"IN",1992,18,57072,0.0157870762050152,0.560000002384186,1,0,1,0,18763,35.6531867980957,0,1
"IN",1993,18,60461,0.0149021679535508,0.560000002384186,1,0,1,0,19649,35.7683982849121,0,1
"IN",1994,18,62108,0.0156340561807156,0.560000002384186,1,0,1,0,20734,35.8347549438477,0,1
"IN",1995,18,64552,0.0148717314004898,0.639999985694885,1,0,1,0,21427,35.9361839294434,0,1
"IN",1996,18,66220,0.0148595590144396,0.620000004768372,1,0,1,0,22234,36.0628471374512,0,1
"IN",1997,18,68620,0.0136257652193308,0.629999995231628,1,0,1,0,23202,36.1093406677246,0,1
"KS",1983,20,18153,0.0226408857852221,NA,0,0,0,0,12273,34.9704513549805,0,0
"KS",1984,20,18717,0.0272479560226202,NA,0,0,0,0,13421,35.0815353393555,0,0
"KS",1985,20,19275,0.0252140071243048,0.0989999994635582,0,0,1,0,14121,35.149772644043,0,0
"KS",1986,20,19826,0.0252194087952375,0.236000001430511,0,0,1,0,14703,35.295280456543,0,1
"KS",1987,20,20561,0.023880161345005,0.422999978065491,1,0,1,0,15327,35.3615913391113,0,1
"KS",1988,20,21161,0.0228250082582235,0.48199999332428,1,0,1,0,16040,35.4469337463379,0,1
"KS",1989,20,21913,0.0195317845791578,0.519999980926514,1,0,1,0,16802,35.4780807495117,0,1
"KS",1990,20,22849,0.0194319225847721,0.578000009059906,1,0,1,0,17940,35.5970802307129,0,1
"KS",1991,20,23186,0.0176399555057287,0.634999990463257,1,0,1,0,18492,35.6004676818848,0,1
"KS",1992,20,24163,0.0160162225365639,0.703000009059906,1,0,1,0,19447,35.7139205932617,0,1
"KS",1993,20,24115,0.0177482888102531,0.699999988079071,1,0,1,1,20048,35.7961006164551,0,1
"KS",1994,20,24678,0.0179106891155243,0.699999988079071,1,0,1,1,20638,35.8690528869629,0,1
"KS",1995,20,25153,0.0175724569708109,0.540000021457672,1,1,1,1,21481,36.0154647827148,0,1
"KS",1996,20,25942,0.0188882891088724,0.540000021457672,1,1,1,1,22707,36.1358795166016,0,1
"KS",1997,20,26524,0.0181722212582827,0.560000002384186,1,1,1,1,23972,36.1629333496094,0,1
"KY",1983,21,26719,0.0291178561747074,0.0599999986588955,0,0,1,0,9696,34.0168228149414,0,0
"KY",1984,21,27951,0.026975778862834,0.0700000002980232,0,0,1,0,10838,34.1958541870117,0,0
"KY",1985,21,28520,0.0249649360775948,0.0900000035762787,0,0,1,0,11278,34.398811340332,0,0
"KY",1986,21,29252,0.0275194849818945,0.129999995231628,0,0,1,0,11715,34.6264381408691,0,0
"KY",1987,21,30320,0.027836412191391,0.209999993443489,1,0,1,0,12441,34.8777122497559,0,0
"KY",1988,21,31614,0.026507243514061,NA,1,0,1,0,13187,35.1282997131348,0,0
"KY",1989,21,32165,0.0240012444555759,0.259999990463257,1,0,1,0,14204,35.3368377685547,0,0
"KY",1990,21,33639,0.0252385623753071,0.319999992847443,1,0,1,0,15085,35.5931396484375,0,0
"KY",1991,21,35213,0.023457245901227,0.389999985694885,1,0,1,0,15719,35.6681632995605,0,0
"KY",1992,21,38062,0.0214124321937561,0.409999996423721,1,0,1,0,16677,35.7918319702148,0,0
"KY",1993,21,39598,0.0219960603863001,0.419999986886978,1,0,1,0,17207,35.9167633056641,0,0
"KY",1994,21,39822,0.0195369385182858,0.579999983310699,1,0,1,0,17872,35.9973297119141,0,1
"KY",1995,21,41095,0.0206594467163086,0.540000021457672,1,0,1,0,18601,36.1564483642578,0,1
"KY",1996,21,42586,0.0197717566043139,0.550000011920929,1,0,1,0,19475,36.3198127746582,0,1
"KY",1997,21,44762,0.019145704805851,0.540000021457672,1,0,1,0,20570,36.3681678771973,0,1
"LA",1983,22,27573,0.0338374488055706,NA,0,0,0,0,10724,32.1399612426758,0,0
"LA",1984,22,31588,0.0304229445755482,NA,0,0,0,0,11421,32.271053314209,0,0
"LA",1985,22,33365,0.0279034916311502,NA,0,0,0,0,11876,32.4050102233887,0,0
"LA",1986,22,29861,0.0312112793326378,0.119999997317791,0,0,0,0,11802,32.6454620361328,0,0
"LA",1987,22,30599,0.0269943457096815,0.349999994039536,1,0,1,0,12010,32.8842735290527,0,1
"LA",1988,22,34682,0.0266708955168724,0.360000014305115,1,0,1,0,12829,33.0914077758789,0,1
"LA",1989,22,37914,0.0231576729565859,0.409999996423721,1,0,1,0,13620,33.3437271118164,0,1
"LA",1990,22,37667,0.0254599507898092,0.430000007152557,1,0,1,0,14773,33.8893203735352,0,1
"LA",1991,22,34710,0.0248343423008919,0.419999986886978,1,0,1,0,15593,33.9144630432129,0,1
"LA",1992,22,33853,0.0261719785630703,0.5,1,0,1,0,16381,34.0468063354492,0,1
"LA",1993,22,36351,0.0241533927619457,0.479999989271164,1,0,1,0,17133,34.2111358642578,0,1
"LA",1994,22,37430,0.0225220415741205,0.5,1,0,1,0,18086,34.3313598632812,0,1
"LA",1995,22,38647,0.0231324546039104,0.589999973773956,1,0,1,0,18826,34.4989356994629,0,1
"LA",1996,22,38095,0.0236776471138,0.629999995231628,1,0,1,0,19609,34.7126197814941,0,1
"LA",1997,22,38840,0.0239701345562935,0.670000016689301,1,0,1,0,20458,34.9041290283203,0,1
"MA",1983,25,37541,0.0173410400748253,NA,0,0,0,0,14009,35.9061126708984,0,0
"MA",1984,25,38540,0.0172807481139898,NA,0,0,0,0,15703,36.0155792236328,0,0
"MA",1985,25,39696,0.0186920594424009,0.200000002980232,0,0,1,0,16842,36.0862808227539,0,0
"MA",1986,25,40745,0.0184562522917986,0.349999994039536,0,0,1,0,18100,36.1364212036133,0,0
"MA",1987,25,42305,0.0162864904850721,0.259999990463257,0,0,1,0,19600,36.2031478881836,0,0
"MA",1988,25,43334,0.0167305115610361,NA,0,0,1,0,21417,36.2517242431641,0,0
"MA",1989,25,46214,0.0150603717193007,0.28999999165535,0,0,1,0,22634,36.2658500671387,0,0
"MA",1990,25,46130,0.0131151098757982,0.300000011920929,0,0,1,0,23210,36.462028503418,0,0
"MA",1991,25,46537,0.0118615292012691,0.360000014305115,1,0,1,0,23590,36.5425033569336,0,0
"MA",1992,25,47348,0.0102433050051332,0.340000003576279,1,0,1,0,24538,36.7323951721191,0,0
"MA",1993,25,46684,0.0101747922599316,0.340000003576279,1,0,1,0,25333,36.8406944274902,0,0
"MA",1994,25,46990,0.0093636941164732,0.519999980926514,1,0,1,0,26433,36.9536628723145,0,1
"MA",1995,25,48053,0.00923979748040438,0.529999971389771,1,0,1,0,28097,37.0994873046875,0,1
"MA",1996,25,49956,0.00832732766866684,0.540000021457672,1,0,1,0,29591,37.2554054260254,0,1
"MA",1997,25,50468,0.00873821042478085,0.529999971389771,1,0,1,0,31239,37.3825607299805,0,1
"MD",1983,24,30618,0.0214253049343824,NA,0,0,1,0,13852,34.2618446350098,0,0
"MD",1984,24,31702,0.020282631739974,NA,0,0,1,0,15279,34.4042663574219,0,0
"MD",1985,24,33337,0.0218675937503576,0.180000007152557,0,0,1,0,16454,34.5446891784668,0,0
"MD",1986,24,35208,0.0222676657140255,0.550000011920929,0,0,1,0,17461,34.638355255127,0,1
"MD",1987,24,36493,0.0223056469112635,0.560000002384186,1,0,1,0,18665,34.7274780273438,0,1
"MD",1988,24,37498,0.0208277776837349,0.569999992847443,1,0,1,0,20079,34.7593574523926,0,1
"MD",1989,24,38922,0.0186526905745268,0.620000004768372,1,0,1,0,21469,34.8217239379883,0,1
"MD",1990,24,40536,0.0174412876367569,0.649999976158142,1,0,1,0,22482,35.0643005371094,0,1
"MD",1991,24,41349,0.0167839601635933,0.670000016689301,1,0,1,0,22877,35.1273803710938,0,1
"MD",1992,24,41896,0.0157294254750013,0.670000016689301,1,0,1,0,23548,35.2924499511719,0,1
"MD",1993,24,43311,0.0153771555051208,0.699999988079071,1,0,1,0,24283,35.409797668457,0,1
"MD",1994,24,44165,0.0147401792928576,0.699999988079071,1,0,1,0,25329,35.5533981323242,0,1
"MD",1995,24,44882,0.0149503145366907,0.699999988079071,1,0,1,0,26141,35.6763877868652,0,1
"MD",1996,24,46187,0.0131638776510954,0.699999988079071,1,0,1,0,27298,35.8920860290527,0,1
"MD",1997,24,46609,0.0131090562790632,0.709999978542328,1,0,1,0,28674,35.9975242614746,0,1
"ME",1983,23,7924,0.028268551453948,NA,0,0,0,0,10431,35.1385459899902,0,0
"ME",1984,23,9345,0.0248261094093323,NA,0,0,0,0,11500,35.317626953125,0,0
"ME",1985,23,9277,0.0222054552286863,NA,0,0,1,0,12301,35.455265045166,0,0
"ME",1986,23,10022,0.0213530231267214,NA,0,0,1,0,13272,35.5882263183594,0,0
"ME",1987,23,10766,0.0215493217110634,NA,1,0,1,0,14392,35.7355842590332,0,0
"ME",1988,23,11401,0.0224541705101728,NA,1,0,1,1,15537,35.8399887084961,0,0
"ME",1989,23,11739,0.016526110470295,NA,1,0,1,1,16618,35.9314346313477,0,0
"ME",1990,23,11871,0.0179428867995739,0.349999994039536,1,0,1,1,17159,36.070671081543,0,0
"ME",1991,23,11849,0.0173010379076004,0.360000014305115,1,0,1,1,17300,36.1796875,0,0
"ME",1992,23,12151,0.0176117196679115,0.360000014305115,1,0,1,1,18008,36.4300308227539,0,0
"ME",1993,23,12182,0.0151863405480981,0.360000014305115,1,0,1,1,18463,36.6206283569336,0,0
"ME",1994,23,12469,0.0150773916393518,0.360000014305115,1,0,1,1,19190,36.8291702270508,0,0
"ME",1995,23,12589,0.0148542374372482,0.5,1,0,1,1,19995,37.0721588134766,0,0
"ME",1996,23,12819,0.0131835555657744,0.5,1,0,1,1,20948,37.3192939758301,0,1
"ME",1997,23,13245,0.0144960358738899,0.610000014305115,1,0,1,1,21937,37.5904350280762,0,1
"MI",1983,26,60855,0.0215923096984625,NA,0,0,1,0,12143,33.7369499206543,0,0
"MI",1984,26,63470,0.0241216327995062,0.194999992847443,0,0,1,0,13460,33.9758911132812,0,0
"MI",1985,26,67402,0.0229221675544977,0.259999990463257,0,0,1,0,14540,34.1678466796875,0,0
"MI",1986,26,71981,0.0222975499927998,0.462999999523163,0,0,1,0,15338,34.339111328125,0,1
"MI",1987,26,75706,0.0211608055979013,0.46450001001358,1,0,1,0,15899,34.5149612426758,0,1
"MI",1988,26,77899,0.0219258274883032,0.479999989271164,1,0,1,0,16950,34.6572608947754,0,1
"MI",1989,26,79890,0.0205157082527876,0.467000007629395,1,0,1,0,17987,34.7706031799316,0,1
"MI",1990,26,81091,0.0193732958287001,0.517000019550323,1,0,1,0,18699,34.96533203125,0,1
"MI",1991,26,81935,0.0173430163413286,0.639999985694885,1,0,1,0,19022,35.0484886169434,0,1
"MI",1992,26,84219,0.0154359471052885,0.554000020027161,1,0,1,0,19861,35.248104095459,0,1
"MI",1993,26,85686,0.0165021121501923,0.639999985694885,1,0,1,0,20939,35.3885040283203,0,1
"MI",1994,26,85183,0.016681732609868,0.635999977588654,1,0,1,0,22338,35.5583381652832,0,1
"MI",1995,26,85703,0.0178523510694504,0.655999958515167,1,0,1,0,23407,35.7099304199219,0,1
"MI",1996,26,90215,0.0166823696345091,0.671999990940094,1,0,1,0,23996,35.8750038146973,0,1
"MI",1997,26,91755,0.0157593600451946,0.680999994277954,1,0,1,0,24956,35.9991340637207,0,1
"MN",1983,27,31063,0.0178669150918722,NA,0,0,0,0,12310,34.2122497558594,0,0
"MN",1984,27,31826,0.0182869359850883,NA,0,0,0,0,13975,34.375186920166,0,0
"MN",1985,27,32688,0.0186000987887383,0.200000002980232,0,0,0,0,14756,34.493106842041,0,0
"MN",1986,27,33806,0.0168904922902584,0.330000013113022,0,0,1,0,15526,34.6269416809082,0,1
"MN",1987,27,35167,0.0150709468871355,0.319999992847443,1,0,1,0,16479,34.7657432556152,0,1
"MN",1988,27,36447,0.0167915057390928,0.469999998807907,1,0,1,0,17115,34.834342956543,0,1
"MN",1989,27,37393,0.0161527562886477,0.439999997615814,1,0,1,0,18404,34.8928756713867,0,1
"MN",1990,27,38946,0.0145329432561994,0.469999998807907,1,0,1,0,19348,35.0012969970703,0,1
"MN",1991,27,39254,0.0135272834450006,0.529999971389771,1,0,1,0,19845,35.072998046875,0,1
"MN",1992,27,41162,0.0141149600967765,0.509999990463257,1,0,1,0,21126,35.1726379394531,0,1
"MN",1993,27,42214,0.0127445869147778,0.550000011920929,1,0,1,0,21488,35.2843208312988,0,1
"MN",1994,27,43317,0.0149133130908012,0.569999992847443,1,0,1,0,22802,35.4026527404785,0,1
"MN",1995,27,44072,0.0135460160672665,0.649999976158142,1,0,1,0,23736,35.5466499328613,0,1
"MN",1996,27,44465,0.0129540087655187,0.639999985694885,1,0,1,0,25235,35.689208984375,0,1
"MN",1997,27,48350,0.0124095138162374,0.649999976158142,1,0,1,0,26243,35.7766227722168,0,1
"MO",1983,29,36543,0.0249295346438885,NA,0,0,1,0,11647,35.4711723327637,0,0
"MO",1984,29,38535,0.0250940695405006,NA,0,0,1,0,12860,35.5453453063965,0,0
"MO",1985,29,39284,0.0236992165446281,NA,0,0,1,0,13737,35.6274452209473,0,0
"MO",1986,29,41571,0.0271583553403616,NA,0,0,1,0,14383,35.7284355163574,0,1
"MO",1987,29,43379,0.0240899976342916,NA,1,0,1,0,15084,35.8514595031738,0,1
"MO",1988,29,45573,0.0242029279470444,NA,1,0,1,0,15909,35.9501991271973,0,1
"MO",1989,29,48087,0.0218770150095224,NA,1,0,1,0,16961,36.059513092041,0,1
"MO",1990,29,50883,0.0215592626482248,0.540000021457672,1,0,1,0,17639,36.2020149230957,0,1
"MO",1991,29,40982,0.0246693678200245,0.540000021457672,1,0,1,0,18305,36.2176055908203,0,1
"MO",1992,29,53254,0.0184962637722492,0.699999988079071,1,0,1,0,19120,36.3017539978027,0,1
"MO",1993,29,54821,0.0172744020819664,0.699999988079071,1,0,1,0,19632,36.355167388916,0,1
"MO",1994,29,57288,0.0190092157572508,0.680000007152557,1,0,1,0,20576,36.4361724853516,0,1
"MO",1995,29,59347,0.018686706200242,0.709999978542328,1,1,1,0,21540,36.4996948242188,0,1
"MO",1996,29,61162,0.0187534745782614,0.620000004768372,1,1,1,0,22586,36.5399322509766,0,1
"MO",1997,29,62980,0.0189266428351402,0.620000004768372,1,1,1,0,23629,36.5948028564453,0,1
"MS",1983,28,17802,0.0401640273630619,NA,0,0,0,0,8372,32.9981155395508,0,0
"MS",1984,28,18442,0.0368181318044662,NA,0,0,0,0,9122,33.1140899658203,0,0
"MS",1985,28,19130,0.0346053317189217,NA,0,0,0,0,9545,33.2218208312988,0,0
"MS",1986,28,19226,0.040101945400238,NA,0,0,1,0,9898,33.3931884765625,0,0
"MS",1987,28,20173,0.03747583553195,NA,1,0,1,0,10484,33.6420822143555,0,0
"MS",1988,28,22043,0.03275416046381,NA,1,0,1,0,11236,33.888240814209,0,0
"MS",1989,28,22895,0.0317536592483521,NA,1,0,1,0,11996,34.1062202453613,0,0
"MS",1990,28,24398,0.0307402238249779,0.230000004172325,1,0,1,0,12706,34.4566879272461,0,1
"MS",1991,28,24897,0.0286781545728445,0.319999992847443,1,0,1,0,13376,34.4762916564941,0,1
"MS",1992,28,26239,0.0291931852698326,0.239999994635582,1,0,1,0,14163,34.5176048278809,0,1
"MS",1993,28,26864,0.0302635505795479,0.25,1,0,1,0,14900,34.5916023254395,0,1
"MS",1994,28,28548,0.0277077201753855,0.43299999833107,1,0,1,0,15886,34.6653938293457,0,1
"MS",1995,28,29559,0.029364999383688,0.46000000834465,1,1,1,0,16574,34.8050842285156,0,1
"MS",1996,28,30562,0.0265362206846476,0.45990002155304,1,1,1,0,17398,34.9622955322266,0,1
"MS",1997,28,31519,0.0273168571293354,0.482299983501434,1,1,1,0,18098,35.0728797912598,0,1
"MT",1983,30,7181,0.0398273207247257,NA,0,0,0,0,10654,33.7004623413086,0,0
"MT",1984,30,7386,0.0322231240570545,0.167999997735023,0,0,0,0,11252,33.849193572998,0,0
"MT",1985,30,7572,0.0294506084173918,0.217000007629395,0,0,0,0,11486,34.0117797851562,0,0
"MT",1986,30,7737,0.0286932922899723,0.294999986886978,0,0,0,0,12120,34.3266944885254,0,0
"MT",1987,30,8074,0.0289819166064262,0.396500021219254,1,0,1,0,12619,34.6598777770996,0,0
"MT",1988,30,8138,0.0243303030729294,0.594500005245209,1,0,1,0,12954,35.0044174194336,0,1
"MT",1989,30,8250,0.021939393132925,0.617999970912933,1,0,1,0,14193,35.2857322692871,0,1
"MT",1990,30,8332,0.025444071739912,0.625999987125397,1,0,1,0,15038,35.4671401977539,0,1
"MT",1991,30,8314,0.0240558087825775,0.644499957561493,1,0,1,0,15947,35.6018600463867,0,1
"MT",1992,30,8525,0.0225219950079918,0.680299997329712,1,0,1,0,16541,35.6778221130371,0,1
"MT",1993,30,8707,0.0223957728594542,0.691999971866608,1,0,1,0,17571,35.7807350158691,0,1
"MT",1994,30,9116,0.0221588406711817,0.695800006389618,1,0,1,0,17590,35.9621887207031,0,1
"MT",1995,30,9399,0.0228747744113207,0.700800001621246,1,0,1,0,18286,36.2486877441406,0,1
"MT",1996,30,9446,0.021172983571887,0.708000004291534,1,0,1,0,18872,36.5378036499023,0,1
"MT",1997,30,9392,0.0282155033200979,0.725500047206879,1,0,1,0,19660,36.8297691345215,0,1
"NC",1983,37,45038,0.0273990854620934,NA,0,0,0,0,10172,34.2153053283691,0,0
"NC",1984,37,48182,0.030094226822257,NA,0,0,0,0,11363,34.4489364624023,0,0
"NC",1985,37,49923,0.029685715213418,0.259999990463257,0,0,0,0,12136,34.6347999572754,0,0
"NC",1986,37,52866,0.0311542395502329,0.419999986886978,0,0,1,0,12900,34.8187255859375,1,0
"NC",1987,37,54600,0.0290109887719154,0.779999971389771,1,0,1,0,13717,35.0198020935059,1,0
"NC",1988,37,57943,0.0271473694592714,0.629999995231628,1,0,1,0,14810,35.1805419921875,1,0
"NC",1989,37,60877,0.0241634771227837,0.610000014305115,1,0,1,0,15827,35.3287086486816,1,0
"NC",1990,37,62707,0.0220868475735188,0.579999983310699,1,0,1,0,16649,35.5191688537598,1,0
"NC",1991,37,64883,0.021099517121911,0.610000014305115,1,0,1,0,17115,35.637451171875,1,0
"NC",1992,37,67538,0.0187301971018314,0.620000004768372,1,0,1,0,18230,35.7617111206055,1,0
"NC",1993,37,69493,0.0199876241385937,0.629999995231628,1,0,1,1,19137,35.8725433349609,1,0
"NC",1994,37,71928,0.0198948942124844,0.790000021457672,1,0,1,1,19920,35.974250793457,1,0
"NC",1995,37,76053,0.0190393533557653,0.800000011920929,1,0,1,1,20996,36.0994529724121,1,0
"NC",1996,37,78935,0.018926965072751,0.800000011920929,1,0,1,1,22053,36.209056854248,1,0
"NC",1997,37,81893,0.0181089956313372,0.850000023841858,1,0,1,1,23168,36.2751426696777,1,0
"ND",1983,38,5363,0.021629685536027,NA,0,0,1,0,11100,33.7475700378418,0,0
"ND",1984,38,5377,0.0185977313667536,NA,0,0,1,0,11871,33.8454742431641,0,0
"ND",1985,38,5387,0.0167068876326084,NA,0,0,1,0,12314,34.0330505371094,0,0
"ND",1986,38,5632,0.0177556816488504,NA,0,0,1,0,12625,34.2916221618652,0,0
"ND",1987,38,5681,0.0177785605192184,NA,1,0,1,0,13037,34.5536155700684,0,0
"ND",1988,38,5765,0.018039895221591,NA,1,0,1,0,12142,34.890323638916,0,0
"ND",1989,38,5849,0.0138485208153725,NA,1,0,1,0,13669,35.1776008605957,0,1
"ND",1990,38,5910,0.0189509298652411,0.280000001192093,1,0,1,0,15264,35.6297264099121,0,0
"ND",1991,38,5951,0.0157956648617983,0.300000011920929,1,0,1,0,15479,35.6963920593262,0,0
"ND",1992,38,6072,0.014492753893137,0.300000011920929,1,0,1,0,16866,35.8697929382324,0,0
"ND",1993,38,6158,0.0144527442753315,0.300000011920929,1,0,1,0,17040,36.002311706543,0,0
"ND",1994,38,6338,0.013884506188333,0.319999992847443,1,0,1,0,18156,36.1489601135254,0,0
"ND",1995,38,6545,0.0113063408061862,0.419999986886978,1,0,1,0,18149,36.340259552002,0,1
"ND",1996,38,6741,0.0126094054430723,0.430000007152557,1,0,1,0,20197,36.5576667785645,0,1
"ND",1997,38,7123,0.0147409802302718,0.490000009536743,1,0,1,0,20103,36.7187118530273,0,1
"NE",1983,31,11534,0.0221085492521524,0.109999999403954,0,0,0,0,11401,34.8577575683594,0,0
"NE",1984,31,11968,0.0238135028630495,0.150000005960464,0,0,0,0,12658,34.9607315063477,0,0
"NE",1985,31,12054,0.0196615234017372,0.449999988079071,0,0,1,0,13392,35.074836730957,0,0
"NE",1986,31,12630,0.0229612030088902,0.379999995231628,0,0,1,0,13875,35.2340087890625,0,0
"NE",1987,31,13091,0.022687342017889,0.28999999165535,1,0,1,0,14634,35.4146499633789,0,0
"NE",1988,31,13407,0.0194674432277679,0.310000002384186,1,0,1,0,15511,35.5483627319336,0,0
"NE",1989,31,13781,0.0214788485318422,0.319999992847443,1,0,1,0,16371,35.6209182739258,0,0
"NE",1990,31,13958,0.0187705978751183,0.330000013113022,1,0,1,0,17536,35.6822738647461,0,0
"NE",1991,31,14095,0.0195104647427797,0.319999992847443,1,0,1,0,18012,35.6953544616699,0,0
"NE",1992,31,14621,0.0183981936424971,0.330000013113022,1,0,1,0,19157,35.8256530761719,0,0
"NE",1993,31,14777,0.0171888750046492,0.540000021457672,1,0,1,0,19714,35.9014320373535,0,1
"NE",1994,31,15466,0.017522307112813,0.629999995231628,1,0,1,0,20365,35.9754638671875,0,1
"NE",1995,31,15807,0.0160688310861588,0.639999985694885,1,1,1,0,21029,36.0869827270508,0,1
"NE",1996,31,16238,0.0180440936237574,0.649999976158142,1,1,1,0,22847,36.1739807128906,0,1
"NE",1997,31,17077,0.0176846049726009,0.629999995231628,1,1,1,0,23618,36.2244834899902,0,1
"NH",1983,33,7181,0.0265979673713446,NA,0,0,0,0,13011,34.5031433105469,0,0
"NH",1984,33,7294,0.0263230055570602,NA,0,0,0,0,14518,34.6343460083008,0,0
"NH",1985,33,7538,0.0253382865339518,NA,0,0,1,0,15842,34.7415580749512,0,0
"NH",1986,33,7913,0.0217363834381104,0.262999981641769,0,0,1,0,17033,34.7473373413086,0,0
"NH",1987,33,9167,0.0195265635848045,0.273400008678436,1,0,1,0,18362,34.7973136901855,0,0
"NH",1988,33,9507,0.0174608174711466,0.3716000020504,1,0,1,0,19733,34.7461547851562,0,0
"NH",1989,33,9819,0.0190447084605694,0.504700005054474,1,0,1,0,20559,34.7348289489746,0,0
"NH",1990,33,9844,0.0160503853112459,0.517400026321411,1,0,1,0,20728,34.9672431945801,0,0
"NH",1991,33,9935,0.0144942123442888,0.485999971628189,1,0,1,0,21390,35.0724792480469,0,0
"NH",1992,33,10067,0.012118804268539,0.497000008821487,1,0,1,0,22234,35.2467498779297,0,0
"NH",1993,33,10342,0.0116998646408319,0.505699992179871,1,0,1,0,22710,35.4104270935059,0,0
"NH",1994,33,10501,0.0113322539255023,0.537000000476837,1,0,1,1,24119,35.5683631896973,0,0
"NH",1995,33,10643,0.0110870990902185,0.570299983024597,1,0,1,1,25313,35.7723693847656,0,0
"NH",1996,33,10987,0.0121962316334248,0.56029999256134,1,0,1,1,26418,35.9753799438477,0,0
"NH",1997,33,11202,0.0111587215214968,0.577000021934509,1,0,1,1,27766,36.130786895752,0,0
"NJ",1983,34,52217,0.0178485941141844,NA,0,0,1,0,15080,35.970645904541,0,0
"NJ",1984,34,52312,0.017625018954277,0.180000007152557,0,0,1,0,16680,36.0948905944824,0,0
"NJ",1985,34,53108,0.0181516911834478,0.400000005960464,0,0,1,0,17807,36.2127380371094,0,1
"NJ",1986,34,55350,0.0187714546918869,0.352999985218048,0,0,1,0,18900,36.2862434387207,0,1
"NJ",1987,34,57071,0.0179250407963991,0.350999981164932,0,0,1,0,20391,36.3760681152344,0,1
"NJ",1988,34,58725,0.0178969781845808,0.414000004529953,0,0,1,0,22302,36.4330635070801,0,1
"NJ",1989,34,59898,0.0148752881214023,0.440999984741211,0,0,1,0,23751,36.4828796386719,0,1
"NJ",1990,34,58923,0.015036572702229,0.504000008106232,0,0,1,0,24883,36.6353073120117,0,1
"NJ",1991,34,59289,0.0132064968347549,0.525999963283539,0,0,1,0,25328,36.6651344299316,0,1
"NJ",1992,34,59410,0.0128429559990764,0.713000059127808,0,0,1,0,26749,36.7508659362793,0,1
"NJ",1993,34,59726,0.0132103273645043,0.641999959945679,0,0,1,0,27457,36.7940292358398,0,1
"NJ",1994,34,60466,0.0125855850055814,0.610000014305115,0,0,1,0,28333,36.8206977844238,0,1
"NJ",1995,34,61012,0.0126860290765762,0.60699999332428,0,0,1,0,29568,36.8855895996094,0,1
"NJ",1996,34,62334,0.01305868383497,0.602999985218048,0,0,1,0,30892,36.9950523376465,0,1
"NJ",1997,34,63308,0.0122417388483882,0.620000004768372,0,0,1,0,32356,37.1077690124512,0,1
"NM",1983,35,11678,0.0454701147973537,NA,0,0,1,0,10072,31.9930572509766,0,0
"NM",1984,35,12432,0.0399774760007858,NA,0,0,1,0,10861,32.1518058776855,0,0
"NM",1985,35,13269,0.0403195433318615,NA,0,0,1,0,11592,32.3508529663086,0,0
"NM",1986,35,13171,0.0378862656652927,NA,0,0,1,0,11820,32.5593185424805,1,0
"NM",1987,35,15116,0.0375760793685913,NA,1,0,1,0,12257,32.7751045227051,1,0
"NM",1988,35,15283,0.0318654701113701,NA,1,0,1,0,12865,32.9502334594727,1,0
"NM",1989,35,15839,0.0339667908847332,NA,1,0,1,0,13619,33.181468963623,1,0
"NM",1990,35,16148,0.0309016592800617,0.589999973773956,1,0,1,0,14480,33.487133026123,1,0
"NM",1991,35,16773,0.0279616042971611,0.670000016689301,1,0,1,0,15069,33.59814453125,1,0
"NM",1992,35,18452,0.0249295476824045,0.660000026226044,1,0,1,0,15762,33.7402877807617,1,0
"NM",1993,35,18945,0.0227500665932894,0.75,1,0,1,0,16559,33.7953758239746,1,0
"NM",1994,35,20480,0.021826172247529,0.790000021457672,1,0,1,1,17150,33.9529418945312,1,0
"NM",1995,35,21147,0.0229346957057714,0.860000014305115,1,1,1,1,18029,34.1326599121094,1,0
"NM",1996,35,21510,0.0225476529449224,0.850000023841858,1,1,1,1,18634,34.373046875,1,0
"NM",1997,35,21937,0.0220631808042526,0.870000004768372,1,1,1,1,19298,34.5382614135742,1,0
"NV",1983,32,6872,0.0368160642683506,NA,0,0,1,0,13151,33.6105117797852,0,0
"NV",1984,32,7332,0.0339607186615467,NA,0,0,1,0,14100,33.9355850219727,0,0
"NV",1985,32,7566,0.0342320911586285,NA,0,0,1,0,14920,34.1625022888184,0,0
"NV",1986,32,7986,0.0291760582476854,0.207999989390373,0,0,1,0,15635,34.3875007629395,0,0
"NV",1987,32,8396,0.0312053356319666,0.34400001168251,1,0,1,0,16422,34.5504379272461,0,1
"NV",1988,32,8989,0.0318166650831699,0.314000010490417,1,0,1,0,17688,34.6484909057617,0,1
"NV",1989,32,9408,0.032738097012043,NA,1,0,1,0,19084,34.8247871398926,0,1
"NV",1990,32,10215,0.0335780717432499,0.379999995231628,1,0,1,0,20209,34.8213310241699,0,1
"NV",1991,32,10510,0.0283539481461048,0.638000011444092,1,0,1,0,20596,35.121265411377,0,1
"NV",1992,32,10897,0.0233091674745083,0.633000016212463,1,0,1,0,21730,35.3917655944824,0,1
"NV",1993,32,11624,0.0226256027817726,0.699000000953674,1,0,1,0,22388,35.4687385559082,0,1
"NV",1994,32,13019,0.0225823801010847,0.706999957561493,1,0,1,0,23391,35.5473709106445,0,1
"NV",1995,32,13974,0.0223987400531769,0.709999978542328,1,1,1,0,24541,35.6546440124512,0,1
"NV",1996,32,14158,0.0245797429233789,0.700999975204468,1,1,1,0,25877,35.7111892700195,0,1
"NV",1997,32,16309,0.0212765950709581,0.700999975204468,1,1,1,0,26514,35.7254180908203,0,1
"NY",1983,36,83783,0.0247902311384678,NA,0,0,0,0,14038,35.7384147644043,0,0
"NY",1984,36,87268,0.0236054453998804,0.159999996423721,0,0,0,0,15615,35.8126106262207,0,0
"NY",1985,36,90518,0.0221613384783268,0.514999985694885,0,0,1,0,16613,35.8810882568359,1,0
"NY",1986,36,94716,0.0223932601511478,0.479999989271164,0,0,1,0,17709,35.9508514404297,1,0
"NY",1987,36,98002,0.0238668601959944,0.639999985694885,0,0,1,0,18871,36.0376586914062,1,0
"NY",1988,36,103692,0.0217567402869463,0.589999973773956,0,0,1,0,20433,36.0780792236328,1,0
"NY",1989,36,106059,0.0213088933378458,0.600000023841858,0,0,1,0,21820,36.110179901123,1,0
"NY",1990,36,106902,0.0207386203110218,0.629999995231628,0,0,1,0,23106,36.2656860351562,1,0
"NY",1991,36,107661,0.0186511371284723,0.670000016689301,0,0,1,0,23600,36.2396659851074,1,0
"NY",1992,36,109881,0.0165178701281548,0.689999997615814,0,0,1,0,24801,36.3025550842285,1,0
"NY",1993,36,112240,0.0159479677677155,0.720000028610229,0,0,1,0,25373,36.355712890625,1,0
"NY",1994,36,112970,0.0148535007610917,0.720000028610229,0,0,1,0,26242,36.4160118103027,1,0
"NY",1995,36,115091,0.0145884556695819,0.720000028610229,1,0,1,0,27587,36.5250282287598,1,0
"NY",1996,36,118641,0.0134186325594783,0.740000009536743,1,0,1,0,29015,36.6409149169922,1,0
"NY",1997,36,120778,0.0136779872700572,0.740000009536743,1,0,1,0,30250,36.7865180969238,1,0
"OH",1983,39,73214,0.0216078888624907,0.129999995231628,0,0,0,0,11850,34.5567436218262,0,0
"OH",1984,39,74895,0.0219774357974529,0.150000005960464,0,0,0,0,13077,34.7169036865234,0,0
"OH",1985,39,75549,0.0217871852219105,0.189999997615814,0,0,0,0,13843,34.8936347961426,0,0
"OH",1986,39,81348,0.020565964281559,0.490000009536743,0,0,0,0,14458,35.0752105712891,0,1
"OH",1987,39,79157,0.0223858915269375,0.409999996423721,1,0,1,0,15156,35.2647323608398,0,1
"OH",1988,39,81990,0.0213196724653244,0.389999985694885,1,0,1,0,16187,35.4069290161133,0,1
"OH",1989,39,84418,0.0209907833486795,0.430000007152557,1,0,1,0,17203,35.5240440368652,0,1
"OH",1990,39,86972,0.0188336484134197,0.465000003576279,1,0,1,0,18116,35.7813835144043,0,1
"OH",1991,39,93002,0.0175910200923681,0.529999971389771,1,0,1,0,18589,35.8345565795898,0,1
"OH",1992,39,95221,0.0151122128590941,0.579999983310699,1,0,1,0,19482,35.9646530151367,0,1
"OH",1993,39,96992,0.0152383698150516,0.616999983787537,1,0,1,0,20228,36.096305847168,0,1
"OH",1994,39,98200,0.013951119966805,0.620999991893768,1,0,1,0,21237,36.2041435241699,0,1
"OH",1995,39,100788,0.0134936701506376,0.627000033855438,1,0,1,0,22217,36.357307434082,0,1
"OH",1996,39,103090,0.0134930638596416,0.624000012874603,1,0,1,0,23054,36.4983787536621,0,1
"OH",1997,39,103675,0.0138895586133003,0.651999950408936,1,0,1,0,24163,36.5847434997559,0,1
"OK",1983,40,29565,0.0286825634539127,NA,0,0,1,0,11517,34.3506698608398,0,0
"OK",1984,40,30981,0.0257254447788,NA,0,0,1,0,12378,34.4498596191406,0,0
"OK",1985,40,31181,0.0238606836646795,NA,0,0,1,0,12894,34.5743637084961,0,0
"OK",1986,40,30833,0.0226380825042725,0.160999998450279,0,0,1,0,12918,34.7666053771973,0,0
"OK",1987,40,31606,0.0188888181000948,0.351500004529953,1,0,1,0,13068,34.9586181640625,0,1
"OK",1988,40,32388,0.019698653370142,0.319999992847443,1,0,1,0,13833,35.2189254760742,0,1
"OK",1989,40,32836,0.019734438508749,0.305000007152557,1,0,1,0,14691,35.5005226135254,0,1
"OK",1990,40,33081,0.0193766821175814,0.335999995470047,1,0,1,0,15613,35.6955909729004,0,1
"OK",1991,40,34240,0.0190420560538769,0.370000004768372,1,0,1,0,16100,35.7419357299805,0,1
"OK",1992,40,35119,0.0174549389630556,0.44200000166893,1,0,1,0,16832,35.8328514099121,0,1
"OK",1993,40,35529,0.0188859812915325,0.465999990701675,1,0,1,0,17419,35.9176559448242,0,1
"OK",1994,40,36980,0.0185776092112064,0.449999988079071,1,0,1,0,17984,36.003173828125,0,1
"OK",1995,40,38489,0.017381589859724,0.464000016450882,1,1,1,0,18544,36.115291595459,0,1
"OK",1996,40,39427,0.0195804908871651,0.474999994039536,1,1,1,0,19342,36.2535057067871,0,1
"OK",1997,40,41400,0.0202415455132723,0.474000006914139,1,1,1,0,20305,36.3504867553711,0,1
"OR",1983,41,20557,0.0267548765987158,NA,0,0,1,1,11451,34.810848236084,0,0
"OR",1984,41,20943,0.0273122284561396,NA,0,0,1,1,12409,35.0597190856934,0,0
"OR",1985,41,21458,0.0260508898645639,NA,0,0,1,1,13065,35.2933616638184,0,0
"OR",1986,41,22741,0.0272195599973202,NA,0,0,1,1,13657,35.5423698425293,0,0
"OR",1987,41,23332,0.0265300869941711,NA,1,0,1,1,14282,35.8024673461914,0,0
"OR",1988,41,25204,0.0268608164042234,0.469999998807907,1,0,1,1,15313,36.0064086914062,1,0
"OR",1989,41,25820,0.0242447722703218,0.479999989271164,1,0,1,1,16387,36.1144905090332,0,0
"OR",1990,41,26738,0.021654574200511,0.5,1,0,1,1,17423,35.991096496582,0,0
"OR",1991,41,25762,0.0187097266316414,0.699999988079071,1,0,1,1,17895,36.1259117126465,1,0
"OR",1992,41,27926,0.0168660022318363,0.75,1,0,1,1,18678,36.2737312316895,1,0
"OR",1993,41,28352,0.0184466708451509,0.800000011920929,1,0,1,1,19518,36.456241607666,1,0
"OR",1994,41,29453,0.0167724844068289,0.810000002384186,1,0,1,1,20508,36.5710678100586,1,0
"OR",1995,41,30034,0.0191116742789745,0.829999983310699,1,0,1,1,21618,36.6995964050293,1,0
"OR",1996,41,30319,0.0173488575965166,0.829999983310699,1,0,1,1,22894,36.8519554138184,1,0
"OR",1997,41,32268,0.0162389986217022,0.850000023841858,1,0,1,1,23920,36.9330825805664,1,0
"PA",1983,42,72302,0.0238029379397631,NA,0,0,1,0,12199,36.4672584533691,0,0
"PA",1984,42,74297,0.0232445448637009,NA,0,0,1,0,13200,36.6432266235352,0,0
"PA",1985,42,75428,0.0234793443232775,NA,0,0,1,0,14104,36.8259391784668,0,0
"PA",1986,42,77636,0.0243958979845047,NA,0,0,1,0,14845,36.9443054199219,0,0
"PA",1987,42,78626,0.0252715386450291,NA,0,0,1,0,15765,37.0925254821777,0,0
"PA",1988,42,81238,0.0237696636468172,NA,0,0,1,0,16927,37.2020950317383,0,1
"PA",1989,42,83855,0.022383876144886,0.495000004768372,0,0,1,0,18264,37.3045463562012,0,1
"PA",1990,42,85708,0.0192047413438559,0.530999958515167,0,0,1,0,19371,37.4025268554688,0,1
"PA",1991,42,87282,0.0190302692353725,0.60400003194809,0,0,1,0,19975,37.4460563659668,0,1
"PA",1992,42,89200,0.0173206273466349,0.629999995231628,0,0,1,0,20950,37.5555038452148,0,1
"PA",1993,42,90706,0.0168566573411226,0.675000011920929,0,0,1,0,21635,37.652774810791,0,1
"PA",1994,42,92347,0.0156041886657476,0.709999978542328,0,0,1,0,22343,37.7525024414062,0,1
"PA",1995,42,94520,0.0156580619513988,0.709999978542328,1,0,1,0,23268,37.8982887268066,0,1
"PA",1996,42,96646,0.015199800953269,0.649999976158142,1,0,1,0,24533,38.0751838684082,0,1
"PA",1997,42,98015,0.0158853232860565,0.646999955177307,1,0,1,0,25670,38.19384765625,0,1
"RI",1983,44,6014,0.0166278686374426,NA,0,0,0,0,12293,36.4482002258301,0,0
"RI",1984,44,5300,0.0149056604132056,NA,0,0,1,0,13540,36.5831871032715,0,0
"RI",1985,44,5823,0.0187188740819693,NA,0,0,1,0,14403,36.6583061218262,0,0
"RI",1986,44,5429,0.0228403024375439,NA,0,0,1,0,15331,36.7114105224609,0,0
"RI",1987,44,6003,0.0188239216804504,NA,0,0,1,0,16412,36.7376327514648,0,0
"RI",1988,44,5853,0.0213565696030855,NA,0,0,1,0,17900,36.7779235839844,0,0
"RI",1989,44,6740,0.0148367956280708,NA,0,0,1,0,19184,36.838565826416,0,0
"RI",1990,44,7024,0.0119589976966381,0.28999999165535,0,0,1,0,19698,36.9734916687012,0,0
"RI",1991,44,7152,0.012304250150919,0.280000001192093,0,0,1,0,19982,36.9709434509277,0,0
"RI",1992,44,7676,0.0102918185293674,0.319999992847443,0,0,1,0,20819,37.0974807739258,0,1
"RI",1993,44,7227,0.0102393804118037,0.319999992847443,0,0,1,0,21735,37.1461753845215,0,1
"RI",1994,44,7095,0.00887949299067259,0.579999983310699,0,0,1,0,22315,37.2888412475586,0,1
"RI",1995,44,6896,0.0100058000534773,0.579999983310699,1,0,1,0,23520,37.4534454345703,0,1
"RI",1996,44,7120,0.00969101116061211,0.579999983310699,1,0,1,0,24356,37.6621322631836,0,1
"RI",1997,44,7071,0.0106067033484578,0.579999983310699,1,0,1,0,25667,37.7357559204102,0,1
"SC",1983,45,24977,0.0337910875678062,NA,0,0,0,0,9517,32.951904296875,0,0
"SC",1984,45,25971,0.0352701097726822,NA,0,0,0,0,10518,33.1735572814941,0,0
"SC",1985,45,26677,0.0356486849486828,0.128000006079674,0,0,0,0,11206,33.428409576416,0,0
"SC",1986,45,28250,0.0374867245554924,NA,0,0,1,0,11774,33.6027183532715,0,0
"SC",1987,45,30224,0.0359317101538181,NA,1,0,1,0,12522,33.8424911499023,0,0
"SC",1988,45,31759,0.0324632376432419,NA,1,0,1,0,13468,34.0427322387695,0,0
"SC",1989,45,32780,0.0303843803703785,NA,1,0,1,0,14180,34.2172546386719,0,0
"SC",1990,45,34376,0.0284791719168425,0.490000009536743,1,0,1,0,15427,34.6017532348633,0,1
"SC",1991,45,34456,0.0258300434798002,0.495000004768372,1,0,1,0,15710,34.7251052856445,0,1
"SC",1992,45,35049,0.023024907335639,0.540000021457672,1,0,1,0,16410,34.9480667114258,0,1
"SC",1993,45,36125,0.0234186854213476,0.587000012397766,1,0,1,0,17091,35.1738510131836,0,1
"SC",1994,45,37245,0.0227413084357977,0.639999985694885,1,0,1,0,17914,35.380485534668,0,1
"SC",1995,45,38724,0.022750748321414,0.639999985694885,1,0,1,0,18789,35.6416358947754,0,1
"SC",1996,45,39756,0.0233926959335804,0.610000014305115,1,0,1,0,19651,35.8622512817383,0,1
"SC",1997,45,41333,0.0218469500541687,0.610000014305115,1,0,1,0,20508,36.0674018859863,0,1
"SD",1983,46,6317,0.0277030244469643,NA,0,0,0,0,9782,34.5464668273926,0,0
"SD",1984,46,6401,0.0223402585834265,NA,0,0,0,0,11117,34.6322555541992,0,0
"SD",1985,46,6277,0.0207105297595263,NA,0,0,0,0,11440,34.7425193786621,0,0
"SD",1986,46,6238,0.0214812438935041,NA,0,0,0,0,12012,34.8838920593262,0,0
"SD",1987,46,6209,0.0215815752744675,NA,1,0,1,0,12683,35.063835144043,0,0
"SD",1988,46,6634,0.0221585761755705,NA,1,0,1,0,13183,35.217529296875,0,0
"SD",1989,46,6704,0.0226730313152075,0.259999990463257,1,0,1,0,14038,35.3549690246582,0,0
"SD",1990,46,6989,0.0218915436416864,0.259999990463257,1,0,1,0,15488,35.4757232666016,0,0
"SD",1991,46,6711,0.0213082991540432,0.330000013113022,1,0,1,0,16014,35.4912528991699,0,0
"SD",1992,46,7218,0.0223053470253944,0.419999986886978,1,0,1,0,17055,35.4570159912109,0,0
"SD",1993,46,7413,0.0188857410103083,0.259999990463257,1,0,1,0,17600,35.5410537719727,0,0
"SD",1994,46,7631,0.0201808419078588,0.400000005960464,1,0,1,0,18568,35.6739082336426,0,0
"SD",1995,46,7669,0.0206024255603552,0.400000005960464,1,1,1,0,18724,35.8271522521973,0,1
"SD",1996,46,7817,0.0223871041089296,0.469999998807907,1,1,1,0,20450,36.0470199584961,0,1
"SD",1997,46,7938,0.0186444949358702,0.589999973773956,1,1,1,0,21076,36.1457481384277,0,1
"TN",1983,47,36261,0.0285982191562653,NA,0,0,0,0,10005,34.6253890991211,0,0
"TN",1984,47,36523,0.0299811083823442,NA,0,0,1,0,11123,34.8205986022949,0,0
"TN",1985,47,36258,0.0303657129406929,NA,0,0,1,0,11872,35.0393905639648,0,0
"TN",1986,47,39521,0.0311226937919855,NA,0,0,1,0,12624,35.2237129211426,0,1
"TN",1987,47,42126,0.0296016708016396,NA,1,0,1,0,13483,35.4170761108398,0,1
"TN",1988,47,44193,0.0286470707505941,NA,1,0,1,0,14482,35.5179405212402,0,1
"TN",1989,47,45639,0.0238392595201731,NA,1,0,1,0,15438,35.6518058776855,0,1
"TN",1990,47,46710,0.0251980312168598,0.430000007152557,1,0,1,0,16309,35.8526458740234,0,1
"TN",1991,47,47267,0.0235470831394196,0.509999990463257,1,0,1,0,16976,35.9328079223633,0,1
"TN",1992,47,49994,0.0230627674609423,0.579999983310699,1,0,1,0,18256,36.0331039428711,0,1
"TN",1993,47,52112,0.0224516429007053,0.583700001239777,1,0,1,0,19139,36.1037292480469,0,1
"TN",1994,47,54524,0.022265424951911,0.600899994373322,1,0,1,0,20088,36.1798553466797,0,1
"TN",1995,47,56214,0.0223965551704168,0.64190000295639,1,0,1,0,21109,36.2995910644531,0,1
"TN",1996,47,58435,0.0212030466645956,0.633100032806396,1,0,1,0,21800,36.4520797729492,0,1
"TN",1997,47,60526,0.0202392358332872,0.606700003147125,1,0,1,0,22699,36.5962409973145,0,1
"TX",1983,48,131883,0.0289878156036139,NA,0,0,0,0,12206,32.3423271179199,0,0
"TX",1984,48,137737,0.0284019540995359,NA,0,0,0,0,13227,32.4172248840332,0,0
"TX",1985,48,143263,0.0256730634719133,NA,0,0,1,0,13980,32.4880104064941,0,0
"TX",1986,48,148348,0.0240448135882616,NA,0,0,1,0,13972,32.5401916503906,1,0
"TX",1987,48,151186,0.0215628426522017,NA,1,0,1,0,14267,32.6717147827148,1,0
"TX",1988,48,156458,0.0216799397021532,NA,1,0,1,0,15118,32.8107833862305,1,0
"TX",1989,48,159512,0.0211269371211529,NA,1,0,1,0,16110,33.0272750854492,1,0
"TX",1990,48,162232,0.0200330391526222,0.680000007152557,1,0,1,0,17290,33.2351913452148,1,0
"TX",1991,48,158756,0.0193882435560226,0.680000007152557,1,0,1,0,17985,33.3379936218262,1,0
"TX",1992,48,163329,0.018729068338871,0.689999997615814,1,0,1,0,18886,33.4671211242676,1,0
"TX",1993,48,167611,0.0181551333516836,0.689999997615814,1,0,1,0,19606,33.5547866821289,1,0
"TX",1994,48,178348,0.017869558185339,0.709999978542328,1,0,1,0,20312,33.635929107666,1,0
"TX",1995,48,181096,0.0175763126462698,0.720000028610229,1,1,1,0,21320,33.7575454711914,1,0
"TX",1996,48,185386,0.0201849117875099,0.740000009536743,1,1,1,0,22345,33.8412666320801,1,0
"TX",1997,48,198700,0.0176799185574055,0.75,1,1,1,0,23707,33.9524803161621,1,0
"UT",1983,49,11221,0.0252205692231655,NA,0,0,1,1,9582,28.5542774200439,0,0
"UT",1984,49,11661,0.0270131211727858,NA,0,0,1,1,10429,28.7357196807861,0,0
"UT",1985,49,12037,0.0251723844558001,NA,0,0,1,1,11017,28.9151096343994,0,0
"UT",1986,49,12100,0.0258677694946527,NA,0,0,1,1,11380,29.123067855835,0,1
"UT",1987,49,12679,0.0234245602041483,NA,1,0,1,1,11862,29.2732162475586,0,1
"UT",1988,49,13263,0.0223931241780519,NA,1,0,1,1,12450,29.5071086883545,0,1
"UT",1989,49,13915,0.0217750631272793,NA,1,0,1,1,13238,29.7452621459961,0,1
"UT",1990,49,14646,0.018571624532342,0.389999985694885,1,0,1,1,14214,30.1241493225098,0,1
"UT",1991,49,15391,0.0176076926290989,0.449999988079071,1,0,1,1,14855,30.2485408782959,0,1
"UT",1992,49,16307,0.0164959840476513,0.5,1,0,1,1,15561,30.4318408966064,0,1
"UT",1993,49,17056,0.0177650097757578,0.5,1,0,1,1,16359,30.5395908355713,0,1
"UT",1994,49,18078,0.0189733374863863,0.529999971389771,1,0,1,1,17004,30.7426891326904,0,1
"UT",1995,49,18781,0.0173047222197056,0.560000002384186,1,1,1,1,18054,30.8918952941895,0,1
"UT",1996,49,19539,0.0164286810904741,0.600000023841858,1,1,1,1,19214,30.9553375244141,0,1
"UT",1997,49,20444,0.0179025623947382,0.629999995231628,1,1,1,1,20185,30.9970645904541,0,1
"VA",1983,51,42299,0.0213007405400276,NA,0,0,0,0,12589,33.8828811645508,0,0
"VA",1984,51,44527,0.0227502416819334,NA,0,0,0,0,13926,34.0658760070801,0,0
"VA",1985,51,47928,0.0203638784587383,0.275000005960464,0,0,0,0,14906,34.2182388305664,0,0
"VA",1986,51,51726,0.0217685494571924,0.347000002861023,0,0,1,0,15837,34.3118133544922,0,0
"VA",1987,51,54834,0.0186198335140944,0.324999988079071,0,0,1,0,16884,34.3914756774902,0,0
"VA",1988,51,57453,0.0186587292701006,0.630999982357025,1,0,1,0,18064,34.4999580383301,0,1
"VA",1989,51,59337,0.0169203020632267,0.52700001001358,1,0,1,0,19244,34.5945816040039,0,1
"VA",1990,51,60178,0.0179301407188177,0.544000029563904,1,0,1,0,20021,34.8775329589844,0,1
"VA",1991,51,61099,0.0155158024281263,0.575999975204468,1,0,1,0,20498,34.9841499328613,0,1
"VA",1992,51,63447,0.013223635032773,0.715999960899353,1,0,1,0,21280,35.1587867736816,0,1
"VA",1993,51,64171,0.0136977760121226,0.73199999332428,1,0,1,0,22133,35.3333435058594,0,1
"VA",1994,51,67609,0.0137555655092001,0.718000054359436,1,0,1,1,23031,35.4996147155762,0,1
"VA",1995,51,69811,0.0128919510170817,0.701999962329865,1,0,1,1,23943,35.6693115234375,0,1
"VA",1996,51,71302,0.0122997956350446,0.695999979972839,1,0,1,1,24950,35.8557472229004,0,1
"VA",1997,51,70320,0.0139931738376617,0.671000003814697,1,0,1,1,26109,35.9941482543945,0,1
"VT",1983,50,4151,0.0226451456546783,NA,0,0,0,0,10813,34.1230010986328,0,0
"VT",1984,50,4403,0.025891438126564,NA,0,0,0,0,11857,34.2462120056152,0,0
"VT",1985,50,4688,0.024530716240406,0.181000009179115,0,0,0,0,12800,34.4029426574707,0,0
"VT",1986,50,4778,0.0228128917515278,0.217999994754791,0,0,1,0,13675,34.5319519042969,0,0
"VT",1987,50,5039,0.0236157961189747,NA,1,0,1,0,14750,34.6622619628906,0,0
"VT",1988,50,5553,0.0232306867837906,0.302000015974045,1,0,1,0,15948,34.794116973877,0,0
"VT",1989,50,5765,0.0201214216649532,0.357999980449677,1,0,1,0,17215,34.9152412414551,0,0
"VT",1990,50,5838,0.0154162384569645,0.39300000667572,1,0,1,1,17677,35.0224647521973,0,0
"VT",1991,50,5870,0.0187393520027399,0.41499999165535,1,0,1,1,17899,35.1350440979004,0,0
"VT",1992,50,6019,0.0159494932740927,0.465999990701675,1,0,1,1,18883,35.3716430664062,0,0
"VT",1993,50,5976,0.0184069611132145,0.537999987602234,1,0,1,1,19392,35.5947685241699,0,0
"VT",1994,50,6152,0.0125162545591593,0.675999999046326,1,0,1,1,20196,35.8175392150879,0,1
"VT",1995,50,6206,0.017080245539546,0.671999990940094,1,0,1,1,21246,36.1044578552246,0,1
"VT",1996,50,6377,0.0137995919212699,0.689999997615814,1,0,1,1,22179,36.4380493164062,0,1
"VT",1997,50,6466,0.0148468911647797,0.708999991416931,1,0,1,1,23017,36.7679595947266,0,1
"WA",1983,53,36144,0.0193116422742605,NA,0,0,1,0,12925,34.0685386657715,0,0
"WA",1984,53,34248,0.0217822939157486,NA,0,0,1,0,13745,34.2658348083496,0,0
"WA",1985,53,34375,0.0216436367481947,NA,0,0,1,0,14432,34.3894538879395,0,0
"WA",1986,53,35993,0.0195315759629011,0.360000014305115,0,0,1,0,15243,34.5488815307617,0,0
"WA",1987,53,38520,0.0202492214739323,0.514999985694885,1,0,1,0,15939,34.6830558776855,0,1
"WA",1988,53,41813,0.0186066534370184,0.529999971389771,1,0,1,0,16884,34.7814712524414,0,1
"WA",1989,53,43233,0.0180649049580097,0.550000011920929,1,0,1,0,18211,34.8549461364746,0,1
"WA",1990,53,44695,0.0184584408998489,0.550000011920929,1,0,1,0,19605,34.8150367736816,0,1
"WA",1991,53,46449,0.0146827707067132,0.675000011920929,1,0,1,0,20401,34.9219398498535,0,1
"WA",1992,53,49386,0.0131818735972047,0.675000011920929,1,0,1,0,21436,35.0358505249023,0,1
"WA",1993,53,46135,0.0143275167793036,0.709999978542328,1,0,1,0,22024,35.1812362670898,0,1
"WA",1994,53,47428,0.0134941386058927,0.764999985694885,1,0,1,0,22687,35.3267478942871,0,1
"WA",1995,53,49250,0.0132588827982545,0.800000011920929,1,1,1,0,23677,35.4820289611816,0,1
"WA",1996,53,49405,0.0144114969298244,0.839999973773956,1,1,1,0,24958,35.6176986694336,0,1
"WA",1997,53,51044,0.013204294256866,0.819999992847443,1,1,1,0,26451,35.7070693969727,0,1
"WI",1983,55,34106,0.0212572570890188,NA,0,0,0,0,11796,34.6090469360352,0,0
"WI",1984,55,35367,0.0232420060783625,NA,0,0,0,0,12941,34.7629814147949,0,0
"WI",1985,55,36679,0.0202840864658356,NA,0,0,0,0,13586,34.9069213867188,0,0
"WI",1986,55,38428,0.0194389503449202,NA,0,0,1,0,14285,35.0337715148926,0,0
"WI",1987,55,40196,0.0198278427124023,0.262999981641769,1,0,1,0,15017,35.1851539611816,0,0
"WI",1988,55,42458,0.0190070178359747,0.559000015258789,1,0,1,0,15806,35.3046417236328,0,1
"WI",1989,55,43086,0.018962075933814,NA,1,0,1,0,16827,35.3926429748535,0,1
"WI",1990,55,44277,0.0173679329454899,0.519999980926514,1,0,1,0,17692,35.4577407836914,0,1
"WI",1991,55,45458,0.017532667145133,0.579999983310699,1,0,1,0,18237,35.542366027832,0,1
"WI",1992,55,47628,0.0136894267052412,0.589999973773956,1,0,1,0,19331,35.6845359802246,0,1
"WI",1993,55,49167,0.0145219350233674,0.639999985694885,1,0,1,0,20009,35.8394775390625,0,1
"WI",1994,55,50273,0.014162671752274,0.639999985694885,1,0,1,0,21012,35.9472885131836,0,1
"WI",1995,55,51396,0.0144952917471528,0.639999985694885,1,0,1,0,21960,36.1148643493652,0,1
"WI",1996,55,52782,0.0144177936017513,0.610000014305115,1,0,1,0,22987,36.273738861084,0,1
"WI",1997,55,54404,0.0133262258023024,0.620000004768372,1,0,1,0,24048,36.3724708557129,0,1
"WV",1983,54,11696,0.0363372080028057,NA,0,0,0,0,9417,35.215950012207,0,0
"WV",1984,54,12671,0.0345671214163303,NA,0,0,0,0,10158,35.4891967773438,0,0
"WV",1985,54,12664,0.0331648774445057,NA,0,0,0,0,10643,35.8087158203125,0,0
"WV",1986,54,13181,0.0333813838660717,NA,0,0,1,0,11169,36.0937995910645,0,0
"WV",1987,54,13742,0.0342744886875153,NA,1,0,1,0,11632,36.4361457824707,0,0
"WV",1988,54,13884,0.0331316627562046,NA,1,0,1,0,12399,36.7645111083984,0,0
"WV",1989,54,14940,0.0313253030180931,NA,1,0,1,0,13149,37.0912094116211,0,0
"WV",1990,54,15418,0.031197302043438,0.430000007152557,1,0,1,0,14176,37.2814750671387,0,0
"WV",1991,54,16026,0.0258330218493938,0.430000007152557,1,0,1,0,14815,37.3765487670898,0,0
"WV",1992,54,16478,0.0254885293543339,0.330000013113022,1,0,1,0,15679,37.530590057373,0,0
"WV",1993,54,16778,0.0255691986531019,0.550000011920929,1,0,1,0,16306,37.6730117797852,0,1
"WV",1994,54,17112,0.0208041146397591,0.579999983310699,1,0,1,0,16948,37.8315200805664,0,1
"WV",1995,54,17421,0.0216405484825373,0.579999983310699,1,0,1,0,17441,37.9718208312988,0,1
"WV",1996,54,17693,0.0196687951683998,0.579999983310699,1,0,1,0,18116,38.2092247009277,0,1
"WV",1997,54,18324,0.0207924041897058,0.579999983310699,1,0,1,0,18724,38.4357452392578,0,1
"WY",1983,56,5059,0.0341964811086655,NA,0,0,0,0,12352,31.1406364440918,0,0
"WY",1984,56,5127,0.0306221954524517,NA,0,0,0,0,12983,31.4333190917969,0,0
"WY",1985,56,5401,0.028142936527729,NA,0,0,0,0,13669,31.7466506958008,0,0
"WY",1986,56,5373,0.031267449259758,NA,0,0,0,0,13455,32.0045547485352,0,0
"WY",1987,56,5349,0.0241166576743126,NA,1,0,0,0,13582,32.3946189880371,0,0
"WY",1988,56,5658,0.0273948386311531,NA,1,0,1,0,14317,32.8824424743652,0,0
"WY",1989,56,5750,0.0220869556069374,NA,1,0,1,0,15535,33.3050346374512,0,1
"WY",1990,56,5833,0.0214297957718372,0.259999990463257,1,0,1,0,17174,33.5469207763672,0,1
"WY",1991,56,5998,0.0203401129692793,0.660000026226044,1,0,1,0,18348,33.7120590209961,0,1
"WY",1992,56,6217,0.0189802162349224,0.660000026226044,1,0,1,0,18704,33.9646682739258,0,1
"WY",1993,56,6770,0.0177252590656281,0.670000016689301,1,0,1,0,19535,34.2143821716309,0,1
"WY",1994,56,6689,0.0215278808027506,0.699999988079071,1,0,1,0,19865,34.4557800292969,0,1
"WY",1995,56,7044,0.0241340156644583,0.709999978542328,1,1,1,0,20685,34.7666130065918,0,1
"WY",1996,56,7360,0.0194293484091759,0.720000028610229,1,1,1,0,21524,35.074348449707,0,1
"WY",1997,56,7576,0.0180834215134382,0.75,1,1,1,0,22596,35.3864631652832,0,1
